DonorId,DonorType,RegistryCode,A_1,A_2,B_1,B_2,C_1,C_2,DPB1_1,DPB1_2,DQB1_1,DQB1_2,DRB1_1,DRB1_2,IsAvailableForSearch
1,'Adult','AN','*24:02:13','*02:11:01','*15:02:01','*35:03:01:01','*05:01:01:01','*07:18','*01:01','*01:01:02','*06:39','*02:01:01','*01:02:01','*15:03:01:01',1
127,'Adult','AN','3','*02:97:01','*08:01:20/15:11:01/07:06:01/07:02:45/15:25:01','*08:01:20','*04:01','*03:XX','*04:CXF','*02:02:01:01/04:01:01:02/04:01:01:05/104:01:01:03/04:02:01:02/04:02:01:01/17:01:01:01/04:01:01:01','*03:01:01:04','*03:XX','*15:01:01:01/15:03:01:01/15:03:01:02','*11:129/11:198',1
128,'Adult','AN','1','80','*15:XX','*08:XX','*04:GC','*03:04:02','*01:01:01/01:01:02','*04:01:01','*06:41/06:88/06:39','*03:243/03:09','*11:ACSSH','*11:04',1
129,'Adult','AN','3','*02:17:02/02:97:01/02:03:01/02:01:11/02:07:01','*08:182','7','*03:14/03:05','*03:EJ','*105:01','*04:02','2','*03:05:01','15','11',1
130,'Adult','AN','*03:02:01','*23:XX','*56:01:01','*40:06','*02:02:02:02','*03:EJ','*09:01/01:01','*09:ANZW','*06:01','*03:09','15','*11:01:01:01/15:02:01:01/13:01:01:02/13:01:01:01/15:03:01:01/03:01:01:02/15:01:01:02/15:03:01:02/10:01:01:01',1
131,'Adult','AN','*02:09','*68:01:02:02/68:01:02:01','75','75','*03:04','*03:04:01','*04:02:01:01/04:02:01:04/04:01:01:05/04:01:01:03/04:01:01:04/04:02:01:02/04:01:01:02/04:01:01:06','*02:01:04/01:01:01','*03:01:01','*02:04','*11:129','*10:01',1
132,'Adult','AN','*29:BC','*02:XX','*15:11:01/15:02:01','*15:01:01:06','4','*03:05','*04:XX','*01:XX','*06:02:01:03','*03:01:01:04','*15:01','11',1
133,'Adult','AN','*03:01','*23:17/23:18','*56:01:01:01','*15:XX','*04:01:82/04:03:01','*04:XX','*02:XX','*01:XX','3','*03:HGB','*03:124/11:129','*03:XX',1
134,'Adult','AN','29','*02:01','*51:01:01','*27:EG','*07:ET','5','*02:01','*01:01','2','*03:09','*03:AMMSZ','*11:13:02',1
135,'Adult','AN','*11:03','*31:01:02','*52:01:01','*44:03:01:02/44:02:01:03','3','*04:03:01','*104:XX','*01:01:02','*06:XX','2','*11:129/03:124','*11:XX',1
126,'Adult','AN','*30:XX','2','*07:02:45/07:06:01','*15:RZJS','*05:XX','*07:04:01','*01:01','*01:01:02/01:01:01','*03:AUXZT','*06:41/06:110','*03:01:01','*11:129/11:198',1
136,'Adult','AN','*02:XX','*29:02:01','*08:01:20','*15:228','*03:XX','*03:04','*01:XX','*01:XX','*06:88/06:41','*03:03','*13:01:01','*11:BFH',1
138,'Adult','AN','24','2403','*15:AND','*15:09:01','*05:XX','1','*04:02:01','*01:01','*02:XX','2','15','*11:13',1
139,'Adult','AN','1','*02:97:01/02:01:11','8','*15:146/15:228','*02:XX','*03:14/03:05','*01:01:01/01:01:02','*04:AB','*02:AB','*03:01:04/03:04:01','*04:06:01','15',1
140,'Adult','AN','*29:BC','66','*07:02:45','*15:RZJS','*07:02:01:03','*04:XX','*01:01/104:01','*04:01:01:06','*03:AVU','3','*11:129/03:124','*11:XX',1
141,'Adult','AN','*02:09','*03:XE','*15:19','*15:03:01:01','*04:XX','*03:XX','*01:CXC','*01:XX','*06:02:01:01','*06:41/06:88','*13:XX','*03:XX',1
142,'Adult','AN','*01:HWXW','203','*08:XX','*15:146','*04:GC','*03:EEJ','*104:01','*01:01','7','*03:CAK','*15:ADF','*11:ASEVD',1
143,'Adult','AN','*02:XX','*02:HXA','*15:DCJ','*07:02:45','5','*04:01:01:01/04:01:01:10/04:01:01:06','*01:01','*10:01:01','*02:XX','6','*11:ACSSH','*03:124',1
144,'Adult','AN','*24:HGF','*02:07','*07:XX','*56:XX','*04:82/05:53/01:44','*07:XX','*105:01:01:01','*01:01/104:01','*03:02','*03:01:01:02/03:01:01:03/03:01:01:01/03:01:01:04/03:01:01:05','*11:129','*03:124/11:198',1
145,'Adult','AN','*32:01:01','2','*15:11:01/15:25:01','*15:18:01','*04:82','10','*10:XX','*104:XX','*02:02:01:01','*02:02','*15:02:01','*11:04:01',1
146,'Adult','AN','*11:02','*24:02:01:05','*08:182/15:19/15:228/15:146','*15:XX','*04:01:01','*03:05/03:14','*04:02','*01:01:01/01:01:02','*03:01:01:01','*06:02:01:01/03:01:01:03/03:03:02:01/04:02:01:01/02:02:01:01/02:02:01:02/03:01:01:05/03:02:01:02/03:01:01:02','*04:06','*13:01:01:02',1
137,'Adult','AN','*02:11:01/02:17:02/02:03:01','68','75','*15:XX','*05:53','4','*04:02:01:04','*104:ADNSR','*03:05:01/03:19:01/03:01:04','*03:01:04','*11:129/03:124','*11:13:02',1
125,'Adult','AN','*11:02:01','*02:66','*08:01','*15:GUAD','*04:GC','*07:01:01:01','*01:01:01','*01:XX','*03:XX','*06:XX','*04:06','3',1
124,'Adult','AN','1','*29:02','*15:16:01:02','*15:RZJS','*02:10:01','*07:CZB','*01:01','*01:XX','*06:ACSRM','*03:03:04/03:04:01/03:01:04/03:19:01','*15:03:01:01/15:01:01:02','*01:02:01/01:01:01',1
123,'Adult','AN','*02:09','2','*08:XX','*18:01:01:01','*08:03:01/02:14:02/07:02:80/03:04:02/02:14:01/03:02:01/03:02:07','*03:XX','*04:XX','*04:01:01:05/04:01:01:06/04:01:01:01/04:02:01:01/04:02:01:04','*06:39/06:41/06:88','4','*15:XX','*04:MCC',1
102,'Adult','AN','*24:02:01:01/24:02:01:06/24:02:01:05','*02:04','*15:WMK','*07:06','*04:GC','4','*01:01','*01:01:01/01:01:02','*03:XX','*03:CD','*03:124/11:129','*15:ADF',1
103,'Adult','AN','*24:BCK','*26:01','*15:02:01','*14:02:01','5','*07:01:01:06/07:02:01:10/07:01:01:15/07:01:01:04/07:01:01:02','*04:01:01:01','*04:01:01:05/04:01:01:02/04:01:01:06/04:02:01:01/04:02:01:04','*03:05','*03:03:04/03:19:01/03:05:01','*03:124','*11:XX',1
104,'Adult','AN','24','*11:XX','15','*08:XX','*01:XX','*03:05/03:14','*09:ANZW','*01:01','*03:HGB','*02:YNVM','*01:01','*03:VG',1
105,'Adult','AN','3','*11:US','*07:KT','*57:03:01:01','*05:XX','*03:14/03:05','*09:ANZW','*01:CXC','*06:ACSRM','*06:88','*03:XX','*15:ADF',1
106,'Adult','AN','*66:01:01','*03:02:01','*15:19/15:12/15:146','*08:182','4','*03:05','*105:XX','*01:XX','*03:09','*06:XX','*11:XX','*01:MP',1
107,'Adult','AN','*01:37','*23:18/23:17','*07:06:01','*08:182','*02:14:01','*07:18','*02:01','*104:01:01:03','*03:01:01:03','*02:BC','11','*11:129',1
108,'Adult','AN','*02:05:01:01','*11:02','*58:01:01:01','62','7','*03:EEJ','*04:AB','*105:01:01:01','*03:HGB','*06:XX','*11:XX','*11:XX',1
109,'Adult','AN','*01:ABTHU','*02:XX','*15:GUAD','*15:146/15:228','*03:XX','*03:04:02','*09:ANZW','*01:01/09:01','*03:01:01','*06:XX','*01:XX','*11:01',1
110,'Adult','AN','*02:XX','*02:XX','*15:RZJS','*15:09','*05:ARSE','5','*02:01','*104:01:01:03','*06:ACSRM','*06:110','*15:ADF','*11:XX',1
111,'Adult','AN','*24:02:13','*24:02','44','*14:BF','*07:01:01','*07:18/04:82/03:14','*01:XX','*04:01','*03:XX','*03:CD','*15:01','*15:XX',1
112,'Adult','AN','*68:02:01:01','*33:01','*15:DSV','8','*07:XX','4','*104:XX','*02:02:01:01/104:01:01:03/04:01:01:04','*03:XX','9','*11:XX','*15:XX',1
113,'Adult','AN','*02:66','11','*44:XX','*18:01:01:02/18:01:01:01','3','*04:03:01/04:01:79','*02:XX','*01:01','*06:XX','*03:04','*01:02','*11:13:02',1
114,'Adult','AN','*24:02:40/24:02:13','*02:03','*15:11:01','*15:XX','*07:02:80/07:01:02','*07:XX','*01:XX','*09:01','*03:XX','8','*15:01:01:02','*03:124',1
115,'Adult','AN','*02:EJHG','*02:11:01','*08:XX','*08:182/15:228','*05:01:01:05/05:01:01:02/05:01:01:01','*03:04:02/07:02:80/04:03:01/07:01:02/07:01:09','*104:01','*01:01:01/01:01:02','*03:01:01:02','*02:XX','*03:XX','*15:01:01:01',1
116,'Adult','AN','*01:45/01:109','203','*50:AB','*15:09:01/15:11:01','5','*07:01:01','*105:XX','*104:ADNSR','*06:110','*06:XX','*03:XX','*04:06:01',1
117,'Adult','AN','*03:112/01:45/23:17/02:09/01:37','*23:EWFR','18','*15:XX','*05:53','*04:GC','*01:01','*04:01','*03:02:01:01','*06:110/06:41','*03:124/11:129','*11:DY',1
118,'Adult','AN','*24:XX','*02:XX','8','70','*07:FJF','3','*02:XX','*01:01','*02:AB','2','*11:06:01/11:01:08','*10:01:01',1
119,'Adult','AN','*03:02:01','*02:04','64','*50:AB','8','*07:18','*04:XX','*04:01:01','*02:02','2','*11:129/03:124','13',1
120,'Adult','AN','*03:02:01','*24:XX','8','27','*03:04:01:01/03:02:02:01/03:02:02:02/03:04:01:02','*03:EEJ','*01:CXC','*10:01:01:01','*06:39','*03:01:01:02/03:02:01:01/03:02:01:02/03:01:01:03/03:01:01:05/03:01:01:01/03:03:02:01','*03:AMMSZ','*01:02:01/01:01:01',1
121,'Adult','AN','*11:US','*33:DWH','*15:XX','*59:01:01:02/18:01:01:02/39:01:01:01/15:01:01:03/08:01:01:01/35:05:01:01/15:01:01:04/57:03:01:01','*02:VYJ','*02:02','*04:01:01','*04:02:01:02/04:01:01:01','6','*03:ARH','*15:03:01:01','11',1
122,'Adult','AN','*24:02:13/24:02:40','*02:XX','*15:XX','*08:182','*02:14','*07:CZB','*104:01/09:01','*04:02:01:01/04:01:01:03/04:01:01:04/04:01:01:05','*06:ACSRM','*03:HGB','*11:XX','*15:01',1
147,'Adult','AN','3','*03:02','76','*40:02','*07:02:80','*03:XX','*01:01','*09:01/01:01','*03:XX','*02:01:01','*04:MCC','*11:198/11:129',1
148,'Adult','AN','*24:HGF','*31:01','*08:01:20','*15:XX','*01:03','*03:XX','*01:01','*02:01:04','*03:01:01','*03:XX','*11:ACSSH','*03:XX',1
149,'Adult','AN','*33:XX','*03:01:01','*15:DCJ','*08:01:20','*06:02','*03:14','*17:01:01:01/04:01:01:04','*04:02:01:01','*02:AB','*06:02','*03:01:08/11:06:01/01:01:01/04:06:02/11:11:01/11:01:08/04:06:01','*07:XX',1
150,'Adult','AN','2','*11:US','*07:02:45','*15:RZJS','*05:53','*05:ARSE','*01:01:01:04','*09:01/01:01','*06:41/06:88/06:110','*03:XX','*11:XX','4',1
176,'Adult','AN','*03:112/11:03/02:66/23:17','*02:XX','*15:AND','*08:182/15:146','3','7','*01:01:02/01:01:01','*01:01/104:01','*03:02:01:02/03:01:01:03/03:03:02:01/03:01:01:04','*03:05:01/03:03:04','*11:ACSSH','*11:11',1
177,'Adult','AN','*01:XX','11','*08:XX','*39:01','*04:GC','*05:01','*09:XX','*104:XX','*06:ACSRM','*06:02:23','*03:124','11',1
178,'Adult','AN','2','*26:XX','*08:AXHCG','*58:01:01:01/58:01:01:04','8','*03:04:01','*01:XX','*104:XX','*03:01','*02:04/06:41/06:110/03:09','*01:02:01','*15:XX',1
179,'Adult','AN','29','*30:02:01','*15:XX','*08:01','*04:XX','*07:XX','*09:01/01:01','*01:01','*06:01','*06:BFZ','*03:VG','15',1
180,'Adult','AN','1','*24:02:01:01/24:02:01:05/24:02:01:04','*15:WMK','*07:06','*04:82/01:03/03:14','*07:06:01:01/07:01:01:09/07:02:01:01/07:02:01:03/07:04:01:01/07:01:01:15/07:01:01:04','*04:01:01:02','*02:01','*06:01:03','*03:HGB','*03:01:08','*11:XX',1
181,'Adult','AN','*24:XX','*23:XX','*15:DSV','*08:XX','*05:01:01','*07:BBTA','*104:XX','*02:01','*06:04:01','2','*03:XX','*11:01:08/11:11:01',1
182,'Adult','AN','*03:01:01:05/03:01:01:01','*02:XX','*08:182','44','*01:AWTXA','7','*02:01:04/01:01:02','*104:ADNSR','*03:05:01','*06:41','*11:129/03:124','*04:MCC',1
183,'Adult','AN','11','203','*38:01:01:01/39:01:01:01/08:01:01:01/15:16:01:02/52:01:01:01/51:01:01:14','*15:01','*01:02:01','*07:02:01:10/07:01:01:09/07:04:01:01','*01:CXC','*09:XX','*03:01:01:02/03:01:01:01/03:02:01:02/03:01:01:04','*03:01:01','*01:MP','*11:04:01',1
184,'Adult','AN','203','*68:01:01:02','*15:12','*08:01:01:01/08:01:01:02','*04:82','*03:03:01:01/03:04:01:01/03:02:02:02/03:02:02:01','*02:01:04/01:01:01','*01:01:02','*03:05:01/03:01:04/03:04:01','*03:ARH','11','*15:03:01:01/15:01:01:02',1
185,'Adult','AN','*02:EJHG','33','62','*18:01:01:02','*04:03','*04:82/03:05','*01:XX','*01:XX','*03:01:04','*02:04/03:09/06:88/03:243','1','7',1
186,'Adult','AN','11','*11:03/02:66/02:09/23:17/02:04/02:10','*15:25:01','*15:09:01/15:25:01/15:02:01','3','*08:03:01/07:01:02/04:01:79/04:03:01/07:02:80','*02:01:04/01:01:01','*01:01:01/01:01:02','*03:04:01/03:19:01','*06:ACSRM','*04:06:02','1',1
187,'Adult','AN','*23:17','24','62','*55:02:01:02/58:01:01:04/15:01:01:09/15:18:01:03/13:02:01:01/37:01:01:01','*03:EJ','*03:14/03:05','*01:XX','*01:CXC','*03:AUXZT','*03:02:01:02/03:01:01:03/03:02:01:01','13','11',1
188,'Adult','AN','*02:17:02','32','*15:XX','*15:25:01','*03:02:07','*07:02:01:03','*09:ANZW','*104:XX','*06:ACSRM','*03:01:01','*03:AMMSZ','*11:01:08/11:06:01',1
189,'Adult','AN','*01:HWXW','*03:XE','*51:HJH','*39:01:01','*05:01:01:02/05:01:01:05','*04:01:01:05','*104:01','*104:01/01:01','3','7','11','*15:XX',1
190,'Adult','AN','*24:02:40/24:02:13','25','*15:AND','*18:XX','*03:14/03:05','*05:01','*04:XX','*02:01','*03:01','*06:02:01','3','*13:01',1
191,'Adult','AN','*29:01:01','29','*35:03:01','*15:146','*04:01','*05:XX','*09:01/104:01','*02:01:04','*06:41','*03:XX','*11:BFH','*11:04:01',1
192,'Adult','AN','1','*23:18/23:17','62','*57:01:01:01','*06:CCW','*03:02','*01:01:01','*02:01:04/01:01:02','*03:05:01','*06:XX','15','*15:XX',1
193,'Adult','AN','1','*23:EWFR','*07:XX','*15:CUY','4','*03:04:01:01/03:04:01:02/03:02:02:01','*02:01:04','*02:XX','2','*06:41/06:88','*03:01:01:01','*11:AHU',1
194,'Adult','AN','*01:XX','*02:97:01','*52:01:01:01','*15:146/15:228','*04:82','*04:82/03:14/03:05','*09:XX','*10:01','*06:XX','*03:19','*13:EV','*11:ASEVD',1
195,'Adult','AN','*02:66','3','*15:12','*15:146/15:228','*03:XX','*03:05/03:14','*01:01:02/01:01:01','*04:AB','3','*06:04:01/06:02:23','*03:124','*11:01',1
196,'Adult','AN','23','*02:XX','76','*14:01:01:01','*05:53/07:18/03:05/04:82','*07:02:01','*01:01','*04:XX','*06:39/06:41/06:88','9','*15:01:01:01/15:01:01:02/15:03:01:01/15:03:01:02','*01:02',1
175,'Adult','AN','*23:XX','*31:MP','*15:XX','75','*07:CZB','*07:01:01:04/07:01:01:02/07:02:01:03','*04:CXF','*09:01/01:01','*02:XX','*02:XX','*10:01:01:01/11:01:01:01/15:02:01:01/15:03:01:01/03:01:01:02/13:01:01:02','*04:06',1
101,'Adult','AN','*01:45/01:109','*02:XX','*15:WMK','*15:01:01','10','*03:14/03:05','*01:01/09:01','*02:XX','*06:ACSRM','*04:ARB','*11:HTC','*11:DY',1
174,'Adult','AN','*11:02:01/24:02:13/02:11:01/02:17:02','*02:09','*15:XX','*15:01:01','*03:BF','*02:02:02:02/02:02:02:01','*17:01:01:01/02:02:01:01/105:01:01:01/10:01:01:01/04:01:01:02/04:01:01:05','*01:01','*03:01:01:02/03:01:01:01/03:01:01:04','2','11','*04:XX',1
172,'Adult','AN','*01:HWXW','*03:02:01/02:07:01/02:17:02/11:02:01/02:97:01/02:11:01','*18:XX','*08:AXHCG','*01:02:01:01','*04:01:79','*04:XX','*02:01:04','*03:01:01:03/03:02:01:01/03:03:02:01/03:01:01:01/03:01:01:05/03:01:01:04','*06:02:23/06:04:01','*01:MP','*04:MCC',1
151,'Adult','AN','*01:XX','*33:01:01','*15:19/15:146/15:12','*15:XX','*02:XX','*07:04:01:01/07:01:01:09/07:01:01:15','*01:CXC','*09:XX','*03:VDUX','*03:01','*11:129/03:124','*03:AMMSZ',1
152,'Adult','AN','11','*02:66/02:04','35','*15:18','*07:XX','*04:NYYT','*01:01:01/01:01:02','*01:01:01/01:01:02','6','*02:02:01:02/02:02:01:01','11','*11:ASEVD',1
153,'Adult','AN','*01:45/01:109','*02:66','*14:02:01','18','*02:NT','*04:82/07:18/03:14','*02:XX','*01:01/09:01','*03:CD','6','17','17',1
154,'Adult','AN','*02:01:01:01','68','*07:XX','*56:01:01:03/56:01:01:04','*03:BF','*04:NYYT','*01:01','*02:01:04','*06:ACSRM','*06:XX','*15:03:01:02/15:03:01:01/15:01:01:02','*15:XX',1
155,'Adult','AN','*11:03','*02:XX','*15:02:01/15:25:01','62','*07:BBTA','*07:CZB','*04:01:01:02','*01:01:02','7','9','*03:XX','*11:01:01',1
156,'Adult','AN','*02:XX','*11:02','62','*15:146','*01:XX','*07:XX','*01:01','*01:XX','7','*03:01','*15:03:01:02','*11:129/11:198',1
157,'Adult','AN','*03:112','*02:09','*56:01:01','*56:01:01:03/56:01:01:02','7','*03:05','*01:01:01/01:01:02','*01:XX','8','7','*11:129/03:124','*15:02:01:01/15:01:01:02/15:03:01:01/15:01:01:01',1
158,'Adult','AN','*24:02:40','*33:XX','*15:19','*15:146/15:228','*04:NYYT','*07:01:01:09/07:04:01:01/07:01:01:01/07:01:01:06/07:02:01:01/07:01:01:02/07:02:01:03/07:02:01:10/07:01:01:04/07:06:01:01','*01:01','*09:01/104:01','*03:01:01:01/03:03:02:01/03:01:01:04/03:01:01:02/03:01:01:05','*03:03:04/03:05:01','*11:ACSSH','*15:03:01:01/15:01:01:02/15:02:01:01',1
159,'Adult','AN','*01:XX','11','*49:01:01:01','*35:XX','*03:14','*07:18/03:05','*104:ADNSR','*02:XX','*06:01:03','*03:04:01','*11:01:08','*11:XX',1
160,'Adult','AN','*02:XX','11','*15:CUY','*15:18:01','4','*05:01','*01:01:01/01:01:02','*09:XX','*02:BC','3','*03:01:08/01:02:01/04:06:02','*13:01:01',1
161,'Adult','AN','11','*23:EWFR','*44:03:01','*15:XX','7','*04:82','*17:01:01','*04:02:01:04/04:01:01:03/04:01:01:01/04:01:01:04','6','*06:02:01:01/03:03:02:01/04:02:01:01/03:02:01:02','*03:VG','*15:03',1
162,'Adult','AN','*01:XX','2','*15:XX','*15:11:01/15:02:01/15:25:01','*03:02:01/03:02:07','*07:XX','*104:01','*01:01','*06:CWV','*02:04','*15:03:01','*13:01:01',1
163,'Adult','AN','*02:66','*24:02','8','*57:01:01','*07:BBTA','*07:02','*01:01','*01:01','*06:ACSRM','*04:02','3','11',1
164,'Adult','AN','*03:XE','*24:03:01:01','*08:182','55','*05:ARSE','*03:14','*01:01:01','*02:01:04','*06:XX','*02:YNVM','13','*11:198/11:129',1
165,'Adult','AN','*30:02:01:01/30:02:01:03','*02:ATDU','*15:11:01/15:25:01','*07:XX','*03:EEJ','*04:01:79/04:03:01','*105:XX','*17:01:01:01/04:01:01:01/10:01:01:01/105:01:01:01/04:02:01:01/04:01:01:02/105:01:01:02/04:01:01:03/04:01:01:05/04:02:01:04','*06:XX','*03:01:04','*04:06','*11:ACSSH',1
166,'Adult','AN','*11:XX','31','*15:GUAD','37','*04:01:01','*04:XX','*04:XX','*01:01','*02:02:01:01','*06:01:03','15','*11:129',1
167,'Adult','AN','1','*02:09/02:04/02:66','*56:01','*15:XX','*03:02','*05:01:01','*04:01:01:05/04:01:01:04/04:01:01:03','*01:XX','*03:19:01','*03:AUXZT','*11:04','*13:01:01',1
168,'Adult','AN','*02:03:01','*03:XX','*08:01:20/15:11:01/15:25:01','*15:25','*01:AWTXA','*07:18','*09:01/104:01','*01:01:01','*02:01:01','*03:01:01:02','*01:XX','*11:11:01/11:13:02/11:01:08/11:04:01',1
169,'Adult','AN','3','*29:01:01:01','75','*39:01','*07:XX','*04:82','*04:01:01:04','*04:01:01:05','*03:XX','6','*01:01','*11:XX',1
170,'Adult','AN','*02:HXA','32','*14:01','*15:25','10','3','*01:01:01/01:01:02','*01:01:02','*06:XX','*03:CSU','*01:01','*11:ACSSH',1
171,'Adult','AN','*02:09','*33:03:01:01/33:01:01:02','*15:02:01','44','*03:04','*07:BBTA','*02:XX','*01:01','*02:XX','*06:04:01','*03:AMMSZ','*03:01:01:02',1
173,'Adult','AN','*24:02','*23:XX','*15:19','*07:XX','*07:02:80','*07:02','*09:ANZW','*09:01','*06:01','*06:UE','*11:AHU','*07:01:01:03/15:02:01:01/15:03:01:02/13:01:01:01/11:01:01:01/15:01:01:01/15:01:01:02/13:01:01:02',1
100,'Adult','AN','1','*02:XX','*15:XX','15','*01:02:01:01/01:02:01:03','*03:05','*01:01:02/01:01:01','*17:ANZX','*06:39','3','11','*11:AHU',1
99,'Adult','AN','*02:05:01','*30:02:01:03','7','*15:146','*04:01:01:12','*07:02:01','*01:01','*09:01','*02:XX','*03:XX','*11:06:01','*11:XX',1
98,'Adult','AN','*01:XX','*24:HGF','*35:08:01:01','*18:01:01','4','*04:XX','*01:01','*01:01:02','3','*06:CWV','*03:XX','*13:01',1
27,'Adult','AN','*03:01:01:06','*03:01:01:06','*08:01:20','*15:228','*03:05','*03:14','*104:01','*104:01','*02:02:01:01','*03:01:01:05','*03:01:08','*03:124',1
28,'Cord','AN','*03:02:01','*24:02:13','*52:01:01:02','*35:03:01:01','*04:03:01','*07:01:09','*02:02:01:01','*01:01:02','*06:88','*03:05:01','*11:01:08','*03:124',1
29,'Adult','DKMS','*01:45','*23:18','*07:02:45','*57:03:01:02','*02:02:02:03','*04:82','*02:01:04','*01:01','*06:02:01:03','*06:110','*11:129','*11:01:08',1
30,'Cord','DKMS','*01:37','*24:02:01:01','*47:01:01:03','*18:01:01:03','*04:03:01','*07:01:01:09','*02:01:04','*09:01','*06:01:03','*02:04','*11:129','*03:124',1
31,'Adult','NHSBT','*68:01:02:03','*02:07:01','*07:02:45','*15:25:01','*02:14:02','*04:82','*01:01:01','*04:01:01:04','*03:191','*03:09','*11:129','*01:02:01',1
32,'Adult','WBS','*03:112','*02:09','*15:228','*57:01:01:01','*05:01:01:01','*03:04:02','*04:01:01:01','*02:01:04','*06:02:01:01','*03:01:01:04','*11:129','*11:01:08',1
33,'Adult','AN','*01:04N','*24:36N','*51:27N','*51:27N','*07:02:01:17N','*07:02:01:17N','*450:01N','*357:01N','*06:158N','*06:26N','*13:113N','*01:33N',1
34,'Adult','AN','*24:36N','*02:10','*18:01:01:01','*35:03:01:03','*03:05','*03:05','*04:01:01:06','*01:01:01','*03:01:01:02','*06:01:03','*11:129','*11:01:01:01',1
35,'Adult','AN','*32:11Q','*30:14L','*56:01:01:05S','*56:01:01:05S','*07:150Q','*03:244Q','*697:01Q','*697:01Q','*02:53Q','*03:91Q','*03:01:01:01','*11:129',1
36,'Cord','AN','*69:03','*02:66','*08:01:20','*15:228','*04:01:79','*04:82','*02:01:04','*01:01:01','*02:02:01:02','*02:01:01','*11:129','*01:01:01',1
37,'Cord','AN','*69:03','*69:03','*08:01:20','*15:228','*04:01:79','*04:82','*02:01:04','*01:01:01','*02:02:01:02','*02:01:01','*11:129','*01:01:01',1
38,'Cord','AN','*69:03','*69:03','*83:01','*15:228','*04:01:79','*04:82','*02:01:04','*01:01:01','*02:02:01:02','*02:01:01','*11:129','*01:01:01',1
39,'Cord','AN','*69:03','*69:03','*83:01','*83:01','*04:01:79','*04:82','*02:01:04','*01:01:01','*02:02:01:02','*02:01:01','*11:129','*01:01:01',1
40,'Cord','AN','*01:45','*02:66','*08:01:20','*15:228','*04:01:79','*04:82','*02:01:04','*01:01:01','*05:149','*05:149','*11:129','*01:01:01',1
41,'Cord','AN','*01:45','*02:66','*08:01:20','*15:228','*04:01:79','*04:82','*02:01:04','*01:01:01','*05:149','*02:01:01','*11:129','*01:01:01',1
42,'Cord','AN','*01:45','*02:66','*08:01:20','*15:228','*04:01:79','*04:82','*02:01:04','*01:01:01','*02:02:01:02','*02:01:01','*11:129','*01:01:01',1
43,'Adult','AN','*02:02:01:01','*02:06:01:03','*44:03:01:09','*18:01:01:01','*05:01:01:05','*03:02:02:02','*04:02:01:01','*105:01:01:01','*03:02:01:01','*02:02:01:01','*03:01:01:02','*13:01:01:02',1
44,'Adult','AN','*02:02:01:01','*02:06:01:03','*44:03:01:09','*18:01:01:01','*05:01:01:05','*03:02:02:02','*04:02:01:01','*105:01:01:01','*03:02:01:01','*02:02:01:01','*03:01:01:02','*13:01:01:02',1
45,'Adult','AN','*02:02:01:01/24:02:01:07/31:01:02:01/30:02:01:03/01:03:01:01/01:03:01:02/26:01:01:01/03:01:01:07/68:01:01:02/29:02:01:03','*02:06:01:03/02:02:01:02/68:01:02:03/68:02:01:01','*44:03:01:09/18:01:01:03/40:06:01:02/14:02:01:02/57:03:01:02/39:01:01:01','*18:01:01:01/08:01:01:02/15:07:01:01/56:01:01:03/58:01:01:01/44:03:01:03/08:01:01:01','*05:01:01:05/02:02:02:03/03:04:01:01','*03:02:02:02/07:01:01:06/05:01:01:03','*04:02:01:01/04:01:01:05/04:01:01:01/04:01:01:03/04:01:01:04/04:01:01:06','*105:01:01:01/04:01:01:05','*03:02:01:01/02:02:01:01/03:01:01:04/02:02:01:02/06:02:01:03/06:02:01:01/03:01:01:02','*02:02:01:01/03:01:01:01/03:01:01:03/03:02:01:01/03:01:01:02/03:02:01:02','*03:01:01:02/15:01:01:01/13:01:01:01/15:01:01:02','*13:01:01:02/15:01:01:02/03:01:01:02/15:01:01:01',1
46,'Adult','AN','*02:02:01:01/02:02:01:02','*02:06:01:03/02:06:01:02','*44:03:01:09/44:03:01:02','*18:01:01:01/18:01:01:03','*05:01:01:05/05:01:01:02/05:01:01:01','*03:02:02:02/03:02:02:01','*04:02:01:01/04:02:01:04/04:02:01:02','*105:01:01:01/04:02:01:02','*03:02:01:01/03:02:01:02','*02:02:01:01/02:02:01:02','*03:01:01:02/03:01:01:01','*13:01:01:02/13:01:01:01',1
47,'Adult','AN','*02:17:02','*68:01:02:01','*15:12','*13:02:01:01',,,'*02:01:04','*04:02:01:01','*06:04:01','*02:01:01','*03:124','*01:01:01',1
26,'Adult','AN','*11:01:73','*01:01:73','*08:01:29','*08:01:29','*05:01:32','*03:04:04','*04:01:35','*02:01:03','*06:02:23','*03:01:08','*13:01:20','*14:04:05',1
48,'Adult','AN','*02:17:02','*68:01:02:01','*15:12','*13:02:01:01','*03:02:07','*07:01:01:15','*02:01:04','*04:02:01:01',,,'*03:124','*01:01:01',1
25,'Adult','AN','*02:01:01:01','*24:02:01:05','*57:03:01:01','*18:01:01:02','*07:01:01:09','*05:01:01:01','*105:01:01:01','*04:01:01:04','*03:01:01:01','*02:02:01:01','*15:01:01:01','*15:03:01:01',1
23,'Adult','AN','*24:248','*02:252','*35:15:01','*07:14','*07:02:72','*03:02:03','*716:01','*02:01:29','*02:01:26','*06:114','*15:155','*11:225',1
2,'Adult','AN','*24:XX','*02:XX','*15:XX','*35:XX','*05:XX','*07:XX','*01:XX','*01:XX','*06:XX','*02:XX','*01:XX','*15:XX',1
3,'Adult','AN','*24:HGF','*02:HRB','*15:DCJ','*35:ANM','*05:ARSE','*07:BBTA','*01:CXC',,'*06:ACSRM','*02:AB','*01:BF','*15:ADF',1
4,'Adult','AN','24','2','75','35','5','7',,,'6','2','1','15',1
5,'Adult','AN','*24:02:13/02:07:01/11:02:01','*02:11:01/24:02:13/02:01:11/03:02:01/02:17:02/02:03:01','*15:02:01/15:11:01/07:02:45','*35:03:01:01/44:02:01:01/57:01:01:01/39:01:01:01/27:02:01:04/50:01:01:01/39:06:02:01','*05:01:01:01/07:01:01:09/05:01:01:08/06:02:01:01/04:01:01:10/02:02:02:02','*07:18/03:14','*01:01/09:01','*01:01:02/01:01:01/02:01:04','*06:39/03:191/06:88','*02:01:01/06:04:01/03:19:01','*01:02:01/11:04:01/03:01:08/11:11:01/11:01:08','*15:03:01:01/15:03:01:02/10:01:01:01/15:01:01:01/03:01:01:01',1
6,'Adult','AN','*24:02:13','*02:11:01','*15:02:01','*35:03:01:01',,,'*01:01','*01:01:02','*06:39','*02:01:01','*01:02:01','*15:03:01:01',1
7,'Adult','AN','*24:02:13','*02:11:01','*15:02:01','*35:03:01:01','*05:01:01:01','*07:18','*01:01','*01:01:02',,,'*01:02:01','*15:03:01:01',1
8,'Adult','AN','*24:02:13','*02:11:01','*15:02:01','*35:03:01:01',,,'*01:01','*01:01:02',,,'*01:02:01','*15:03:01:01',1
9,'Adult','AN','*03:01:01:07','*29:02:01:04','*35:03:01:01','*44:02:01:01','*04:01:01:15','*02:10:01:01','*04:02:01:04','*04:01:01:06','*06:02:01:01','*06:02:01:01','*10:01:01:01','*03:01:01:01',1
10,'Adult','AN','*03:01:01:07/03:01:01:05/03:01:01:01','*29:XX','*35:03:01','*44:02:01','*04:GC','*02:10:01','*04:XX','*04:01:01:06/04:01:01:05','*06:02','*06:02','*10:01','*03:VG',1
11,'Adult','AN','*03:XX','*29:XX','*35:XX','*44:XX','*04:XX','*02:XX','*04:XX','*04:XX','*06:XX','*06:XX','*10:XX','*03:XX',1
12,'Adult','AN','*03:AG','*29:BC','*35:ANM','*44:FGM','*04:GC','*02:VYJ','*04:CXF','*04:AB','*06:CWV','*06:CWV','*10:AB','*03:VG',1
13,'Adult','AN','3','29','35','44','4','2',,,'6','6','10','17',1
14,'Adult','AN','*03:01:01','*29:02:01','*35:03:01','*44:02:01','*04:01:01','*02:10:01','*04:02:01','*04:01:01','*06:02:01','*06:02:01','*10:01:01','*03:01:01',1
15,'Adult','AN','*03:01','*29:02','*35:03','*44:02','*04:01','*02:10','*04:02','*04:01','*06:02','*06:02','*10:01','*03:01',1
16,'Adult','AN','*03:01:01:07/03:01:01:05/03:01:01:01','*29:02:01:04/29:02:01:02','*35:03:01:01/35:08:01:01/35:01:01:02','*44:02:01:01/44:03:01:03/44:03:01:01','*04:01:01:15/04:01:01:12/04:01:01:05/04:01:01:01','*02:10:01:01/02:02:02:01','*04:02:01:04/04:01:01:06/04:02:01:01/04:02:01:02/04:01:01:05/04:01:01:04','*04:01:01:06/04:01:01:05','*06:02:01:01/06:02:01:03','*06:02:01:01/02:02:01:01/03:01:01:02/03:01:01:03/03:02:01:01/02:02:01:02','*10:01:01:01/04:01:01:01/15:02:01:01/11:01:01:01','*03:01:01:01/03:01:01:02',1
17,'Adult','AN','*03:01:01:07','*29:02:01:04','*35:ANM','*44:FGM','4','2','*04:02','*04:01','*06:XX','*06:XX','*10:01:01','*03:01:01',1
18,'Adult','AN','*11:02:01','*03:02:01','*07:02:45','*07:06:01','*03:02:01','*04:01:79','*01:01:02','*01:01:02','*02:01:01','*03:03:04','*11:06:01','*04:06:01',1
19,'Adult','AN','*01:45','*02:09','*08:182','*15:146','*01:03','*03:05','*09:01','*01:01','*06:110','*06:110','*03:124','*03:124',1
20,'Adult','AN','*03:01/02','*02:04/66/11/17/01/06/97','*44:03/02','*40:02/06','*07:02/04/01','*04:01/82','*04:01/02','*04:02/01','*03:01/05/03/09/191/04/02','*03:02/05/03/01/09/19','*15:02/03','*11:06/13/11',1
21,'Adult','AN','*11:01:70','*11:01:77','*27:69','*27:04:01','*02:02:02:06','*02:02:02:04','*04:01:13','*04:01:22','*05:108','*05:96','*13:01:09','*13:01:08',1
22,'Adult','AN','*01:253','*01:248','*07:130','*07:129','*01:02:01:09','*01:44','*617:01','*352:01','*02:09','*02:59','*03:137','*03:01:26',1
24,'Adult','AN','*01:01:78','*01:01:77','*08:01:29','*07:02:04','*03:04:04','*03:04:02','*04:01:34','*04:01:34','*06:02:11','*03:01:17','*13:01:20','*13:01:19',1
197,'Adult','AN','*02:UE','*02:HXA','*14:02','7','*01:03','*02:02','*02:01:04/01:01:01','*10:WAW','*06:XX','*06:04:01/06:02:23','*03:AMMSZ','*03:AMMSZ',1
49,'Adult','AN','*02:17:02','*68:01:02:01','*15:12','*13:02:01:01','*03:02:07','*07:01:01:15',,,'*06:04:01','*02:01:01','*03:124','*01:01:01',1
51,'Adult','AN','*02:17:02','*68:01:02:01','*15:12','*13:02:01:01',,,,,'*06:04:01','*02:01:01','*03:124','*01:01:01',1
77,'Adult','AN','*01:109','*23:18','*15:12','*15:228','*07:18','*07:18','*01:01','*104:01','*03:09','*06:88','*11:129','*03:124',1
78,'Adult','AN','*01:37','*02:10','*15:19','*15:228','*01:44','*04:82','*104:01','*09:01','*06:88','*02:04','*03:124','*11:129',1
79,'Adult','AN','*02:09','*02:09','*15:19','*15:228','*07:18','*03:14','*01:01','*104:01','*06:110','*03:243','*03:124','*03:124',1
80,'Adult','AN','*01:109','*02:10','*15:228','*15:228','*03:14','*07:18','*09:01','*104:01','*06:39','*02:04','*03:124','*11:198',1
81,'Adult','AN','*01:45','*02:09','*15:146','*15:146','*03:05','*04:82','*01:01','*104:01','*03:09','*06:41','*11:129','*11:129',1
82,'Adult','AN','*01:37','*02:10','*15:228','*15:228','*05:53','*03:05','*01:01','*104:01','*03:09','*06:110','*11:129','*11:129',1
83,'Adult','AN','*02:66','*23:17','*15:19','*15:228','*07:18','*03:14','*09:01','*01:01','*06:41','*06:41','*11:129','*03:124',1
84,'Adult','AN','*02:09','*02:04','*15:12','*15:146','*07:18','*04:82','*104:01','*01:01','*06:41','*06:88','*03:124','*11:198',1
85,'Adult','AN','*02:66','*02:66','*15:228','*15:146','*01:03','*03:05','*104:01','*104:01','*06:41','*06:41','*11:129','*11:129',1
86,'Adult','AN','*01:45','*23:17','*15:146','*15:146','*01:03','*04:82','*09:01','*09:01','*06:88','*03:243','*03:124','*11:198',1
87,'Adult','AN','*24:02:40','*02:07:01','*15:11:01','*15:09:01','*03:02:07','*07:01:01:02','*09:01','*01:01:02','*06:01:03','*03:03:02:01','*15:02:01:01','*15:01:01:02',1
88,'Adult','AN','*02:09','*11:02:01','*15:146','*08:01:20','*07:02:80','*04:82','*104:01','*01:01:01','*03:05:01','*06:41','*11:01:01:01','*04:06:02',1
89,'Adult','AN','*23:17','*03:01:01:06','*15:02:01','*40:06:01:02','*04:82','*07:18','*01:01','*02:02:01:01','*03:09','*06:02:01:01','*11:01:08','*03:124',1
90,'Adult','AN','*03:02:01','*02:66','*58:01:01:01','*15:25:01','*04:01:01:10','*03:02:02:02','*01:01:01:04','*104:01','*02:02:01:02','*02:02:01:01','*01:02:01','*11:198',1
91,'Adult','AN','*02:07:01','*11:02:01','*13:02:01:01','*15:228','*01:44','*07:01:02','*104:01','*04:01:01:05','*06:88','*03:01:01:02','*11:129','*11:198',1
92,'Adult','AN','*02:11:01','*11:02:01','*14:02:01:02','*15:146','*01:44','*04:01:01:01','*104:01','*01:01:01','*06:04:01','*06:41','*03:124','*15:01:01:01',1
93,'Adult','AN','*02:66','*02:97:01','*08:182','*08:01:20','*03:02:01','*03:14','*104:01','*04:01:01:06','*06:02:01:03','*03:03:04','*11:129','*11:129',1
94,'Adult','AN','*02:03:01','*23:17','*15:19','*15:228','*01:02:01:03','*08:03:01','*04:01:01:04','*02:01:04','*02:02:01:02','*03:03:04','*04:06:01','*03:124',1
95,'Adult','AN','*31:01:02:04','*02:09','*15:146','*07:06:01','*03:05','*03:03:01:01','*02:01:04','*04:01:01:01','*03:01:01:04','*03:01:01:04','*03:124','*15:01:01:02',1
96,'Adult','AN','*24:02:01:06','*03:01:01:03','*37:01:01:01','*15:02:01','*03:05','*07:18','*01:01:02','*09:01','*06:41','*03:01:01:01','*01:02:01','*11:01:08',1
97,'Adult','AN','*01:109','*02:09','*08:01:20','*15:25:01','*03:04:01:01','*07:01:01:15','*01:01','*02:02:01:01','*03:09','*06:01:03','*03:01:08','*01:01:01',1
76,'Adult','AN','*01:109','*11:03','*15:146','*15:228','*01:44','*04:82','*09:01','*09:01','*03:191','*03:09','*03:124','*11:198',1
50,'Adult','AN','*02:17:02','*68:01:02:01','*15:12','*13:02:01:01',,,'*02:01:04','*04:02:01:01',,,'*03:124','*01:01:01',1
75,'Adult','AN','*02:07:01','*11:02:01','*15:25:01','*15:09:01','*07:01:02','*07:01:09','*01:01:02','*02:01:04','*03:05:01','*03:01:04','*11:04:01','*11:11:01',1
73,'Adult','AN','*24:02:13','*03:02:01','*15:11:01','*08:01:20','*03:04:02','*04:01:79','*01:01:02','*02:01:04','*06:01:03','*03:04:01','*11:11:01','*11:06:01',1
52,'Adult','AN','*02:17:02','*68:01:02:01','*15:12','*13:02:01:01','*03:02:07','*07:01:01:15',,,,,'*03:124','*01:01:01',1
53,'Adult','AN','*02:17:02','*68:01:02:01','*15:12','*13:02:01:01',,,,,,,'*03:124','*01:01:01',1
54,'Adult','AN','*33:01:01:01','*30:02:01:01','*44:03:01:01','*15:01:01:01','*02:02:02:01','*04:01:01:10','*105:01:01:01','*10:01:01:01','*03:03:02:01','*06:02:01:01','*15:01:01:01','*15:03:01:02',1
55,'Adult','AN','*02:06:01:01','*02:05:01:01','*55:02:01:02','*44:02:01:03','*07:01:01:09','*05:01:01:02','*17:01:01:01','*04:02:01:01','*03:03:02:01','*03:02:01:01','*04:01:01:01','*13:01:01:02',1
56,'Adult','AN','*02:06:01:01','*02:01:01:01','*18:01:01:03','*58:01:01:04','*04:01:01:06','*07:04:01:01','*105:01:01:03','*10:01:01:01','*03:01:01:02','*03:01:01:03','*04:01:01:01','*07:01:01:03',1
57,'Adult','AN','*33:01:01:01','*02:01:01:01','*08:01:01:01','*35:03:01:01','*07:02:01:01','*07:06:01:01','*04:01:01:02','*104:01:01:03','*03:01:01:04','*04:02:01:01','*15:03:01:01','*15:03:01:01',1
58,'Adult','AN','*29:02:01:02','*80:01:01:02','*13:02:01:01','*27:05:02:01','*05:01:01:08','*07:02:01:03','*01:01:01:04','*04:01:01:05','*06:02:01:03','*03:01:01:02','*04:01:01:01','*15:03:01:01',1
59,'Adult','AN','*33:01:01:01','*31:01:02:04','*18:01:01:02','*14:01:01:01','*03:02:02:02','*07:01:01:09','*04:01:01:01','*04:01:01:02','*06:02:01:03','*03:01:01:01','*04:01:01:01','*07:01:01:03',1
60,'Adult','AN','*24:02:01:07','*11:01:01:01','*51:01:01:14','*50:01:01:02','*07:04:01:01','*03:02:02:01','*04:01:01:01','*10:01:01:01','*02:02:01:02','*02:02:01:02','*04:01:01:01','*13:01:01:01',1
61,'Adult','AN','*29:01:01:01','*29:02:01:04','*15:04:01:02','*57:01:01:01','*03:04:01:02','*07:01:01:04','*04:01:01:01','*04:01:01:04','*03:01:01:02','*02:02:01:01','*03:01:01:01','*15:03:01:01',1
62,'Adult','AN','*03:01:01:07','*29:02:01:03','*35:01:01:02','*35:08:01:01','*03:02:02:01','*02:02:02:02','*04:01:01:02','*02:02:01:01','*06:02:01:03','*03:03:02:01','*15:03:01:01','*15:01:01:02',1
63,'Adult','AN','*26:01:01:01','*02:01:01:08','*56:01:01:01','*52:01:01:02','*04:01:01:15','*05:01:01:03','*105:01:01:01','*02:02:01:01','*06:02:01:01','*04:02:01:01','*15:03:01:02','*10:01:01:01',1
64,'Adult','AN','*02:01:01:05','*31:01:02:04','*35:03:01:01','*18:01:01:02','*01:02:01:01','*07:04:01:01','*04:02:01:02','*04:01:01:02','*03:01:01:02','*03:01:01:01','*15:03:01:01','*11:01:01:01',1
65,'Adult','AN','*24:02:13','*03:02:01','*15:11:01','*15:02:01','*02:14:01','*07:01:02','*01:01:02','*01:01:02','*03:04:01','*03:05:01','*04:06:02','*11:06:01',1
66,'Adult','AN','*24:02:13','*11:02:01','*15:02:01','*15:02:01','*04:01:82','*03:04:02','*01:01:01','*01:01:02','*03:05:01','*06:04:01','*11:06:01','*11:13:02',1
67,'Adult','AN','*03:02:01','*24:02:13','*07:02:45','*15:25:01','*04:03:01','*07:01:09','*02:01:04','*01:01:01','*06:04:01','*03:01:04','*11:11:01','*04:06:02',1
68,'Adult','AN','*02:03:01','*02:01:11','*08:01:20','*15:25:01','*03:02:01','*08:03:01','*01:01:02','*02:01:04','*03:05:01','*03:03:04','*01:01:01','*11:11:01',1
69,'Adult','AN','*24:02:40','*02:07:01','*15:25:01','*15:02:01','*03:02:07','*08:03:01','*01:01:01','*02:01:04','*03:19:01','*03:19:01','*11:01:08','*01:01:01',1
70,'Adult','AN','*24:02:40','*02:01:11','*07:02:45','*15:02:01','*07:01:02','*08:03:01','*02:01:04','*01:01:02','*06:01:03','*03:19:01','*04:06:02','*01:02:01',1
71,'Adult','AN','*02:17:02','*02:17:02','*08:01:20','*08:01:20','*02:14:02','*04:01:79','*02:01:04','*02:01:04','*02:01:01','*06:02:23','*03:01:08','*01:02:01',1
72,'Adult','AN','*11:02:01','*11:02:01','*07:06:01','*07:06:01','*04:01:79','*03:04:02','*02:01:04','*02:01:04','*03:19:01','*06:02:23','*11:01:08','*11:06:01',1
74,'Adult','AN','*02:17:02','*24:02:13','*08:01:20','*07:06:01','*04:03:01','*04:01:79','*01:01:02','*02:01:04','*03:05:01','*03:05:01','*04:06:02','*03:01:08',1
198,'Adult','AN','*02:09','*24:02:13','*15:25:01','*14:01:01:01','*04:01:01:01/04:01:01:05','*04:03','*04:01:01','*01:01','*03:XX','*06:XX','*04:MCC','*15:XX',1
199,'Adult','AN','*02:09','*01:01','*15:01','*15:01',,,,,,,'*15:03','*15:03',1
200,'Adult','AN','*02:09','*01:01','*15:01','*15:11',,,,,,,'*15:03','*03:01',1
201,'Adult','AN','*02:01:82','*01:01','*15:01','*15:01',,,,,,,'*15:03','*15:03',1
202,'Adult','AN','*02:09:01:01','*01:01','*15:01','*15:01',,,,,,,'*15:03','*15:03',1
203,'Adult','AN','*02:01:84','*01:01','*15:01','*15:01',,,,,,,'*15:03','*15:03',1
204,'Adult','AN','*02:01:84','*01:01','*15:01','*15:01',,,'680:01','680:01',,,'*15:03','*15:03',1
205,'Adult','AN','*02:01:84','*01:01','*15:01','*15:01',,,'01:01:01:01','01:01:01:01',,,'*15:03','*15:03',1
206,'Adult','AN','*02:01:84','*01:01','*15:01','*15:01',,,'01:01:01:01','01:01:01:01',,,'*15:03','*15:03',1
207,'Adult','AN','*02:01:84','*01:01','*15:01','*15:01',,,'01:01:01:01','01:01:01:01',,,'*15:03','*15:03',1
208,'Adult','AN','*02:01:84','*01:01','*15:01','*15:01',,,'680:01','680:01',,,'*15:03','*15:03',1
209,'Adult','AN','*02:01:84','*01:01','*15:01','*15:01',,,'01:01:01:01','01:01:01:01',,,'*15:03','*15:03',1